{
  "baseline": {
    "design": [
      38.0,
      30.0,
      38.0,
      70.0
    ],
    "metrics": {
      "band_error": 0.006939279073986592,
      "comfort_fraction": 0.3958333333333333,
      "plaza_mean": 1.2381933728853862,
      "vent_mean": 1.2818940395400638
    }
  },
  "evaluations": [
    {
      "best_design": [
        38.0,
        30.0,
        38.0,
        70.0
      ],
      "best_evaluation": 1,
      "best_metrics": {
        "band_error": 0.006939279073986592,
        "comfort_fraction": 0.3958333333333333,
        "plaza_mean": 1.2381933728853862,
        "vent_mean": 1.2818940395400638
      },
      "best_objective": 0.6041666666666667,
      "best_vent_retention": 1.0,
      "design": [
        38.0,
        30.0,
        38.0,
        70.0
      ],
      "evaluation": 1,
      "feasible": true,
      "metrics": {
        "band_error": 0.006939279073986592,
        "comfort_fraction": 0.3958333333333333,
        "plaza_mean": 1.2381933728853862,
        "vent_mean": 1.2818940395400638
      },
      "objective": 0.6041666666666667,
      "vent_retention": 1.0
    },
    {
      "best_design": [
        38.0,
        30.0,
        38.0,
        70.0
      ],
      "best_evaluation": 1,
      "best_metrics": {
        "band_error": 0.006939279073986592,
        "comfort_fraction": 0.3958333333333333,
        "plaza_mean": 1.2381933728853862,
        "vent_mean": 1.2818940395400638
      },
      "best_objective": 0.6041666666666667,
      "best_vent_retention": 1.0,
      "design": [
        50.0,
        30.0,
        50.0,
        62.0
      ],
      "evaluation": 2,
      "feasible": false,
      "metrics": {
        "band_error": 0.021167238612190015,
        "comfort_fraction": 0.69375,
        "plaza_mean": 1.1251387792193175,
        "vent_mean": 1.202376014065175
      },
      "objective": 0.30625,
      "vent_retention": 0.9379683319976904
    },
    {
      "best_design": [
        38.0,
        38.0,
        38.0,
        62.0
      ],
      "best_evaluation": 3,
      "best_metrics": {
        "band_error": 0.0014356307553856653,
        "comfort_fraction": 0.5791666666666667,
        "plaza_mean": 1.1395941808198888,
        "vent_mean": 1.2949538763080324
      },
      "best_objective": 0.4208333333333333,
      "best_vent_retention": 1.010187922219105,
      "design": [
        38.0,
        38.0,
        38.0,
        62.0
      ],
      "evaluation": 3,
      "feasible": true,
      "metrics": {
        "band_error": 0.0014356307553856653,
        "comfort_fraction": 0.5791666666666667,
        "plaza_mean": 1.1395941808198888,
        "vent_mean": 1.2949538763080324
      },
      "objective": 0.4208333333333333,
      "vent_retention": 1.010187922219105
    },
    {
      "best_design": [
        38.0,
        38.0,
        38.0,
        62.0
      ],
      "best_evaluation": 3,
      "best_metrics": {
        "band_error": 0.0014356307553856653,
        "comfort_fraction": 0.5791666666666667,
        "plaza_mean": 1.1395941808198888,
        "vent_mean": 1.2949538763080324
      },
      "best_objective": 0.4208333333333333,
      "best_vent_retention": 1.010187922219105,
      "design": [
        38.0,
        38.0,
        50.0,
        70.0
      ],
      "evaluation": 4,
      "feasible": true,
      "metrics": {
        "band_error": 0.0013764354978122136,
        "comfort_fraction": 0.4895833333333333,
        "plaza_mean": 1.1837556090516348,
        "vent_mean": 1.2751209075961794
      },
      "objective": 0.5104166666666667,
      "vent_retention": 0.9947163090435193
    },
    {
      "best_design": [
        50.0,
        38.0,
        38.0,
        70.0
      ],
      "best_evaluation": 5,
      "best_metrics": {
        "band_error": 0.010643853518510703,
        "comfort_fraction": 0.61875,
        "plaza_mean": 1.1262830417836085,
        "vent_mean": 1.2364975245935577
      },
      "best_objective": 0.38125,
      "best_vent_retention": 0.9645863748903972,
      "design": [
        50.0,
        38.0,
        38.0,
        70.0
      ],
      "evaluation": 5,
      "feasible": true,
      "metrics": {
        "band_error": 0.010643853518510703,
        "comfort_fraction": 0.61875,
        "plaza_mean": 1.1262830417836085,
        "vent_mean": 1.2364975245935577
      },
      "objective": 0.38125,
      "vent_retention": 0.9645863748903972
    },
    {
      "best_design": [
        50.0,
        38.0,
        38.0,
        70.0
      ],
      "best_evaluation": 5,
      "best_metrics": {
        "band_error": 0.010643853518510703,
        "comfort_fraction": 0.61875,
        "plaza_mean": 1.1262830417836085,
        "vent_mean": 1.2364975245935577
      },
      "best_objective": 0.38125,
      "best_vent_retention": 0.9645863748903972,
      "design": [
        50.0,
        30.0,
        50.0,
        70.0
      ],
      "evaluation": 6,
      "feasible": true,
      "metrics": {
        "band_error": 0.007080823560385818,
        "comfort_fraction": 0.2625,
        "plaza_mean": 1.2316634870755176,
        "vent_mean": 1.236333232550394
      },
      "objective": 0.7375,
      "vent_retention": 0.9644582113775826
    },
    {
      "best_design": [
        50.0,
        38.0,
        38.0,
        70.0
      ],
      "best_evaluation": 5,
      "best_metrics": {
        "band_error": 0.010643853518510703,
        "comfort_fraction": 0.61875,
        "plaza_mean": 1.1262830417836085,
        "vent_mean": 1.2364975245935577
      },
      "best_objective": 0.38125,
      "best_vent_retention": 0.9645863748903972,
      "design": [
        50.0,
        30.0,
        38.0,
        62.0
      ],
      "evaluation": 7,
      "feasible": true,
      "metrics": {
        "band_error": 0.001376439768391008,
        "comfort_fraction": 0.4895833333333333,
        "plaza_mean": 1.1837557537170749,
        "vent_mean": 1.275121037803945
      },
      "objective": 0.5104166666666667,
      "vent_retention": 0.9947164106180345
    },
    {
      "best_design": [
        50.0,
        38.0,
        38.0,
        70.0
      ],
      "best_evaluation": 5,
      "best_metrics": {
        "band_error": 0.010643853518510703,
        "comfort_fraction": 0.61875,
        "plaza_mean": 1.1262830417836085,
        "vent_mean": 1.2364975245935577
      },
      "best_objective": 0.38125,
      "best_vent_retention": 0.9645863748903972,
      "design": [
        50.0,
        30.0,
        38.0,
        70.0
      ],
      "evaluation": 8,
      "feasible": true,
      "metrics": {
        "band_error": 0.0039564027587027945,
        "comfort_fraction": 0.23333333333333334,
        "plaza_mean": 1.2339001670479774,
        "vent_mean": 1.263101692001025
      },
      "objective": 0.7666666666666666,
      "vent_retention": 0.9853401709038436
    },
    {
      "best_design": [
        50.0,
        38.0,
        38.0,
        70.0
      ],
      "best_evaluation": 5,
      "best_metrics": {
        "band_error": 0.010643853518510703,
        "comfort_fraction": 0.61875,
        "plaza_mean": 1.1262830417836085,
        "vent_mean": 1.2364975245935577
      },
      "best_objective": 0.38125,
      "best_vent_retention": 0.9645863748903972,
      "design": [
        38.0,
        38.0,
        38.0,
        70.0
      ],
      "evaluation": 9,
      "feasible": true,
      "metrics": {
        "band_error": 0.003920710718707661,
        "comfort_fraction": 0.49166666666666664,
        "plaza_mean": 1.1938434986708064,
        "vent_mean": 1.2820152438112669
      },
      "objective": 0.5083333333333333,
      "vent_retention": 1.0000945509281303
    },
    {
      "best_design": [
        50.0,
        38.0,
        38.0,
        70.0
      ],
      "best_evaluation": 5,
      "best_metrics": {
        "band_error": 0.010643853518510703,
        "comfort_fraction": 0.61875,
        "plaza_mean": 1.1262830417836085,
        "vent_mean": 1.2364975245935577
      },
      "best_objective": 0.38125,