{
  "baseline": {
    "design": [
      38.0,
      38.0,
      38.0,
      62.0
    ],
    "metrics": {
      "band_error": 0.03049619074116065,
      "comfort_fraction": 0.30833333333333335,
      "plaza_mean": 0.4545732697006315,
      "vent_mean": 0.5024631449819675
    }
  },
  "evaluations": [
    {
      "best_design": [
        38.0,
        38.0,
        38.0,
        62.0
      ],
      "best_evaluation": 1,
      "best_metrics": {
        "band_error": 0.03049619074116065,
        "comfort_fraction": 0.30833333333333335,
        "plaza_mean": 0.4545732697006315,
        "vent_mean": 0.5024631449819675
      },
      "best_objective": 0.6916666666666667,
      "best_vent_retention": 1.0,
      "design": [
        38.0,
        38.0,
        38.0,
        62.0
      ],
      "evaluation": 1,
      "feasible": true,
      "metrics": {
        "band_error": 0.03049619074116065,
        "comfort_fraction": 0.30833333333333335,
        "plaza_mean": 0.4545732697006315,
        "vent_mean": 0.5024631449819675
      },
      "objective": 0.6916666666666667,
      "vent_retention": 1.0
    },
    {
      "best_design": [
        50.0,
        30.0,
        50.0,
        62.0
      ],
      "best_evaluation": 2,
      "best_metrics": {
        "band_error": 0.052261620190465034,
        "comfort_fraction": 0.43125,
        "plaza_mean": 0.5485376599923862,
        "vent_mean": 0.7460197834076271
      },
      "best_objective": 0.56875,
      "best_vent_retention": 1.4847253790810873,
      "design": [
        50.0,
        30.0,
        50.0,
        62.0
      ],
      "evaluation": 2,
      "feasible": true,
      "metrics": {
        "band_error": 0.052261620190465034,
        "comfort_fraction": 0.43125,
        "plaza_mean": 0.5485376599923862,
        "vent_mean": 0.7460197834076271
      },
      "objective": 0.56875,
      "vent_retention": 1.4847253790810873
    },
    {
      "best_design": [
        50.0,
        30.0,
        50.0,
        62.0
      ],
      "best_evaluation": 2,
      "best_metrics": {
        "band_error": 0.052261620190465034,
        "comfort_fraction": 0.43125,
        "plaza_mean": 0.5485376599923862,
        "vent_mean": 0.7460197834076271
      },
      "best_objective": 0.56875,
      "best_vent_retention": 1.4847253790810873,
      "design": [
        38.0,
        30.0,
        50.0,
        70.0
      ],
      "evaluation": 3,
      "feasible": true,
      "metrics": {
        "band_error": 0.04924220594286655,
        "comfort_fraction": 0.35833333333333334,
        "plaza_mean": 0.5017497185714698,
        "vent_mean": 0.9916038371267772
      },
      "objective": 0.6416666666666666,
      "vent_retention": 1.9734857113995177
    },
    {
      "best_design": [
        50.0,
        30.0,
        50.0,
        62.0
      ],
      "best_evaluation": 2,
      "best_metrics": {
        "band_error": 0.052261620190465034,
        "comfort_fraction": 0.43125,
        "plaza_mean": 0.5485376599923862,
        "vent_mean": 0.7460197834076271
      },
      "best_objective": 0.56875,
      "best_vent_retention": 1.4847253790810873,
      "design": [
        38.0,
        38.0,
        50.0,
        70.0
      ],
      "evaluation": 4,
      "feasible": true,
      "metrics": {
        "band_error": 0.026741870639646576,
        "comfort_fraction": 0.375,
        "plaza_mean": 0.52333913128435,
        "vent_mean": 0.7461609186249829
      },
      "objective": 0.625,
      "vent_retention": 1.4850062657864413
    },
    {
      "best_design": [
        50.0,
        38.0,
        38.0,
        70.0
      ],
      "best_evaluation": 5,
      "best_metrics": {
        "band_error": 0.037225149345667306,
        "comfort_fraction": 0.5645833333333333,
        "plaza_mean": 0.5663169657830925,
        "vent_mean": 0.7699253125825808
      },
      "best_objective": 0.4354166666666667,
      "best_vent_retention": 1.5323020609008289,
      "design": [
        50.0,
        38.0,
        38.0,
        70.0
      ],
      "evaluation": 5,
      "feasible": true,
      "metrics": {
        "band_error": 0.037225149345667306,
        "comfort_fraction": 0.5645833333333333,
        "plaza_mean": 0.5663169657830925,
        "vent_mean": 0.7699253125825808
      },
      "objective": 0.4354166666666667,
      "vent_retention": 1.5323020609008289
    },
    {
      "best_design": [
        50.0,
        30.0,
        50.0,
        70.0
      ],
      "best_evaluation": 6,
      "best_metrics": {
        "band_error": 0.0,
        "comfort_fraction": 1.0,
        "plaza_mean": 0.9563658285575608,
        "vent_mean": 0.9556881178702626
      },
      "best_objective": 0.0,
      "best_vent_retention": 1.9020064006974293,
      "design": [
        50.0,
        30.0,
        50.0,
        70.0
      ],
      "evaluation": 6,
      "feasible": true,
      "metrics": {
        "band_error": 0.0,
        "comfort_fraction": 1.0,
        "plaza_mean": 0.9563658285575608,
        "vent_mean": 0.9556881178702626
      },
      "objective": 0.0,
      "vent_retention": 1.9020064006974293
    },
    {
      "best_design": [
        50.0,
        30.0,
        50.0,
        70.0
      ],
      "best_evaluation": 6,
      "best_metrics": {
        "band_error": 0.0,
        "comfort_fraction": 1.0,
        "plaza_mean": 0.9563658285575608,
        "vent_mean": 0.9556881178702626
      },
      "best_objective": 0.0,
      "best_vent_retention": 1.9020064006974293,
      "design": [
        50.0,
        30.0,
        38.0,
        62.0
      ],
      "evaluation": 7,
      "feasible": true,
      "metrics": {
        "band_error": 0.026731630528995406,
        "comfort_fraction": 0.375,
        "plaza_mean": 0.5234126227248149,
        "vent_mean": 0.7461460870912388
      },
      "objective": 0.625,
      "vent_retention": 1.4849767481314804
    },
    {
      "best_design": [
        50.0,
        30.0,
        50.0,
        70.0
      ],
      "best_evaluation": 6,
      "best_metrics": {
        "band_error": 0.0,
        "comfort_fraction": 1.0,
        "plaza_mean": 0.9563658285575608,
        "vent_mean": 0.9556881178702626
      },
      "best_objective": 0.0,
      "best_vent_retention": 1.9020064006974293,
      "design": [
        50.0,
        30.0,
        38.0,
        70.0
      ],
      "evaluation": 8,
      "feasible": true,
      "metrics": {
        "band_error": 0.049248943932729126,
        "comfort_fraction": 0.35833333333333334,
        "plaza_mean": 0.5017417286289856,
        "vent_mean": 0.991603017208122
      },
      "objective": 0.6416666666666666,
      "vent_retention": 1.9734840796009205
    },
    {
      "best_design": [
        50.0,
        30.0,
        50.0,
        70.0
      ],
      "best_evaluation": 6,
      "best_metrics": {
        "band_error": 0.0,
        "comfort_fraction": 1.0,
        "plaza_mean": 0.9563658285575608,
        "vent_mean": 0.9556881178702626
      },
      "best_objective": 0.0,
      "best_vent_retention": 1.9020064006974293,
      "design": [
        38.0,
        38.0,
        38.0,
        70.0
      ],
      "evaluation": 9,
      "feasible": true,
      "metrics": {
        "band_error": 0.045027523715074964,
        "comfort_fraction": 0.34375,
        "plaza_mean": 0.45728944474831223,
        "vent_mean": 0.6690003877683055
      },
      "objective": 0.65625,
      "vent_retention": 1.3314417076148235
    },
    {
      "best_design": [
        50.0,
        30.0,
        50.0,
        70.0
      ],
      "best_evaluation": 6,
      "best_metrics": {
        "band_error": 0.0,
        "comfort_fraction": 1.0,
        "plaza_mean": 0.9563658285575608,
        "vent_mean": 0.9556881178702626
      },
      "best_objective": 0.0,
      "best_vent_retention": 1.9020064006974293,
      "design": [
        38.0,
        30.0,
        50.0,
        62.0
      ],
      "evaluation": 10,
      "feasible": true,